Cluster,Temperature,RH,Ws,Rain,FFMC,DMC,DC,ISI,BUI,FWI,Region
0,34.79347826086956,52.04347826086956,15.5,0.056521739130434234,88.60652173913043,26.663043478260878,91.35760869565217,8.730434782608697,30.39347826086956,14.774999999999997,0.6521739130434783
1,30.543046357615893,68.13245033112582,15.490066225165563,1.1933774834437083,71.2841059602649,7.380132450331127,23.88609271523179,2.3125827814569524,8.341721854304636,2.3198675496688734,0.4039735099337737
